algorithm, heuristic, domain, instance, cost, h0, generated, time, gen_per_sec
ida, gap, Pancake28, 21 24 5 25 16 13 15 1 26 7 2 0 22 19 9 10 17 20 23 4 14 12 8 27 11 6 3 18 , 27, 27, 13973, 0.010000, 1397300.000000
ida, gap, Pancake28, 14 5 1 22 26 19 12 21 27 11 4 25 0 10 7 9 18 24 13 6 8 2 23 16 15 20 3 17 , 28, 27, 144852, 0.120000, 1207100.000000
ida, gap, Pancake28, 5 11 2 18 17 6 19 27 20 15 22 4 23 1 14 26 0 7 10 21 16 3 24 12 8 25 13 9 , 28, 27, 44494, 0.040000, 1112350.000000
ida, gap, Pancake28, 24 16 13 19 25 14 23 4 8 5 7 20 22 10 2 27 3 17 18 21 15 0 26 6 1 9 11 12 , 27, 26, 31337, 0.030000, 1044566.666667
ida, gap, Pancake28, 16 3 11 8 7 23 21 5 26 15 24 12 20 22 10 6 14 17 13 1 18 2 19 25 0 9 27 4 , 28, 27, 136550, 0.130000, 1050384.615385
ida, gap, Pancake28, 21 6 1 22 0 12 9 23 18 27 15 10 4 26 16 7 20 3 13 14 17 5 24 2 11 8 19 25 , 28, 27, 165324, 0.140000, 1180885.714286
ida, gap, Pancake28, 21 22 11 15 10 12 9 25 17 16 24 2 7 3 19 1 26 4 18 27 5 20 14 8 13 23 0 6 , 27, 26, 129877, 0.110000, 1180700.000000
ida, gap, Pancake28, 1 18 22 14 13 2 23 8 25 0 21 17 24 5 12 11 15 27 3 10 20 16 19 9 4 26 6 7 , 26, 25, 44044, 0.040000, 1101100.000000
ida, gap, Pancake28, 3 1 23 18 10 0 12 15 4 21 20 9 27 13 24 14 26 19 8 7 5 25 22 6 16 17 11 2 , 25, 25, 13691, 0.010000, 1369100.000000
ida, gap, Pancake28, 27 12 13 9 10 19 4 20 25 14 16 2 21 15 7 18 3 5 17 1 8 0 26 11 22 6 23 24 , 26, 25, 40705, 0.040000, 1017625.000000
ida, gap, Pancake28, 2 15 25 27 13 12 21 22 9 17 23 7 20 4 5 3 11 0 8 10 26 14 24 16 6 1 19 18 , 25, 24, 193742, 0.160000, 1210887.500000
ida, gap, Pancake28, 15 0 21 22 12 3 6 23 4 5 10 26 11 19 18 17 14 16 24 25 27 9 20 8 7 1 13 2 , 23, 22, 4745, 0.010000, 474500.000000
ida, gap, Pancake28, 16 10 22 25 2 4 20 1 12 14 11 26 5 24 17 3 15 18 0 19 21 23 8 6 7 9 27 13 , 27, 27, 12703, 0.000000, inf
ida, gap, Pancake28, 20 21 0 9 15 1 11 25 16 18 17 10 19 27 3 22 24 26 14 13 2 6 8 12 5 23 4 7 , 26, 25, 1091288, 0.950000, 1148724.210526
ida, gap, Pancake28, 12 1 8 11 14 18 16 23 10 19 17 3 0 21 7 27 6 13 9 2 25 26 24 20 15 5 4 22 , 26, 26, 13115, 0.020000, 655750.000000
ida, gap, Pancake28, 15 18 0 27 16 26 6 7 25 4 2 17 9 19 24 11 12 13 5 3 10 20 21 8 1 22 23 14 , 24, 23, 68804, 0.060000, 1146733.333333
ida, gap, Pancake28, 9 2 1 11 6 7 14 25 12 10 18 8 24 17 3 4 20 26 15 0 16 19 13 22 27 21 5 23 , 25, 25, 8699, 0.010000, 869900.000000
ida, gap, Pancake28, 11 16 0 24 6 22 25 17 9 20 21 14 15 26 1 3 12 8 23 2 5 10 27 4 7 13 18 19 , 26, 25, 241341, 0.200000, 1206705.000000
ida, gap, Pancake28, 4 15 0 8 2 27 22 21 7 26 13 17 3 11 20 24 1 23 25 5 18 14 9 16 6 10 12 19 , 28, 27, 70651, 0.070000, 1009300.000000
ida, gap, Pancake28, 10 21 20 1 15 6 2 3 5 22 18 12 27 4 23 7 0 9 8 25 14 24 26 11 19 16 13 17 , 26, 25, 153669, 0.130000, 1182069.230769
ida, gap, Pancake28, 26 24 16 25 5 8 12 19 11 7 4 13 10 22 20 17 2 27 6 18 1 9 14 3 0 15 23 21 , 29, 28, 151229, 0.140000, 1080207.142857
ida, gap, Pancake28, 9 16 23 17 27 0 13 8 6 5 10 14 7 26 2 3 18 25 12 11 15 4 24 1 20 22 21 19 , 25, 24, 78965, 0.060000, 1316083.333333
ida, gap, Pancake28, 20 15 11 7 24 23 21 0 17 2 16 12 19 18 26 1 13 6 4 9 14 25 27 22 10 3 8 5 , 27, 26, 218806, 0.190000, 1151610.526316
ida, gap, Pancake28, 18 22 11 19 3 13 27 1 12 26 5 21 10 23 15 25 2 20 14 24 9 17 8 16 0 6 7 4 , 28, 27, 85228, 0.080000, 1065350.000000
ida, gap, Pancake28, 17 15 12 1 5 24 8 20 9 11 25 10 7 6 19 0 23 26 18 4 3 27 21 2 16 22 14 13 , 26, 25, 36848, 0.040000, 921200.000000
ida, gap, Pancake28, 22 9 19 1 12 0 5 4 2 10 15 21 11 24 6 16 25 3 18 26 7 20 13 23 8 17 14 27 , 27, 26, 39200, 0.020000, 1960000.000000
ida, gap, Pancake28, 16 17 15 6 13 9 25 10 26 22 5 3 19 14 18 0 20 1 23 12 7 21 27 24 4 11 2 8 , 27, 27, 6319, 0.010000, 631900.000000
ida, gap, Pancake28, 6 2 19 23 11 16 8 12 20 21 0 1 5 13 17 10 24 4 18 22 7 15 26 25 27 9 3 14 , 27, 25, 2539603, 2.230000, 1138835.426009
ida, gap, Pancake28, 1 18 9 22 19 12 16 11 26 20 13 14 5 25 24 17 6 2 10 0 4 21 7 8 15 23 27 3 , 26, 25, 57615, 0.050000, 1152300.000000
ida, gap, Pancake28, 14 2 27 3 1 10 8 15 19 16 26 12 24 7 21 4 0 6 22 13 23 5 11 9 18 17 20 25 , 28, 27, 747899, 0.660000, 1133180.303030
ida, gap, Pancake28, 5 27 18 10 4 22 19 13 9 2 0 26 8 1 17 7 25 11 21 20 15 16 12 6 23 24 3 14 , 25, 25, 5415, 0.010000, 541500.000000
ida, gap, Pancake28, 2 4 10 26 6 18 1 17 11 14 19 22 0 15 23 21 16 13 27 24 8 25 7 3 12 20 5 9 , 29, 28, 95935, 0.090000, 1065944.444444
ida, gap, Pancake28, 7 25 2 26 11 24 1 0 4 8 10 19 18 5 27 17 13 21 15 6 14 9 12 3 16 23 22 20 , 26, 25, 15307, 0.010000, 1530700.000000
ida, gap, Pancake28, 8 2 13 3 11 4 19 17 9 18 27 25 23 22 14 1 15 12 26 0 5 16 6 10 24 21 20 7 , 26, 26, 20556, 0.020000, 1027800.000000
ida, gap, Pancake28, 6 12 7 17 15 20 3 24 16 18 8 10 21 22 9 19 4 0 11 27 2 26 13 1 25 14 23 5 , 28, 27, 61117, 0.060000, 1018616.666667
ida, gap, Pancake28, 9 21 19 8 7 6 12 13 1 3 26 4 15 5 22 23 11 16 25 27 14 0 10 17 18 24 2 20 , 24, 23, 6038, 0.000000, inf
ida, gap, Pancake28, 11 17 27 4 21 2 23 16 26 7 24 18 6 25 19 1 0 10 9 15 12 5 13 8 14 3 22 20 , 27, 26, 372408, 0.320000, 1163775.000000
ida, gap, Pancake28, 0 12 23 18 22 6 25 4 7 8 2 3 1 11 16 9 17 26 20 21 13 27 10 14 5 24 19 15 , 26, 25, 224085, 0.210000, 1067071.428571
ida, gap, Pancake28, 8 3 11 9 2 21 23 24 1 13 19 27 6 5 7 17 22 10 14 25 26 15 18 4 20 0 12 16 , 26, 25, 45326, 0.030000, 1510866.666667
ida, gap, Pancake28, 13 10 1 18 23 27 8 6 17 21 12 2 16 7 25 11 15 22 0 5 9 14 20 3 26 24 4 19 , 29, 28, 96994, 0.100000, 969940.000000
ida, gap, Pancake28, 8 7 12 24 25 5 23 4 13 0 27 18 14 19 16 2 15 1 21 26 20 6 10 3 22 11 9 17 , 27, 26, 111772, 0.090000, 1241911.111111
ida, gap, Pancake28, 21 6 4 17 23 20 13 12 5 22 8 7 18 14 27 16 9 24 25 15 3 1 10 11 26 0 2 19 , 25, 24, 238960, 0.220000, 1086181.818182
ida, gap, Pancake28, 5 27 25 16 15 20 22 8 24 14 18 26 6 11 21 9 3 4 17 19 7 10 23 13 0 12 2 1 , 26, 25, 35694, 0.020000, 1784700.000000
ida, gap, Pancake28, 14 20 12 4 9 8 3 7 5 13 26 2 23 22 21 18 25 19 6 17 27 11 15 0 10 1 24 16 , 26, 25, 38705, 0.040000, 967625.000000
ida, gap, Pancake28, 3 19 10 21 26 16 23 24 5 7 18 22 11 8 15 1 4 20 9 12 0 2 27 25 14 13 17 6 , 27, 26, 32665, 0.030000, 1088833.333333
ida, gap, Pancake28, 11 24 4 16 18 10 1 15 0 13 3 9 23 12 20 19 26 27 7 17 25 21 6 2 14 8 22 5 , 27, 26, 1004928, 0.890000, 1129132.584270
ida, gap, Pancake28, 19 20 2 9 16 14 27 12 24 26 3 0 25 11 17 5 21 22 10 4 8 23 1 18 7 13 15 6 , 27, 26, 50657, 0.050000, 1013140.000000
ida, gap, Pancake28, 3 26 4 6 22 14 25 11 13 21 0 17 10 5 7 24 19 9 2 23 1 15 12 18 20 8 16 27 , 27, 27, 58536, 0.050000, 1170720.000000
ida, gap, Pancake28, 14 5 1 16 19 23 15 4 8 20 6 17 24 2 10 25 0 7 18 21 11 13 9 3 27 26 12 22 , 28, 27, 603186, 0.530000, 1138086.792453
ida, gap, Pancake28, 25 14 11 17 3 9 7 26 5 1 0 21 20 8 24 18 10 16 27 23 4 6 15 22 19 2 12 13 , 26, 25, 248960, 0.220000, 1131636.363636
ida, gap, Pancake28, 17 20 25 19 5 12 10 7 6 3 9 11 0 24 26 18 4 14 22 21 13 2 27 1 23 8 16 15 , 26, 25, 108006, 0.100000, 1080060.000000
ida, gap, Pancake28, 4 14 3 11 7 12 0 21 19 1 8 27 16 10 9 18 25 13 20 17 22 23 5 2 24 6 15 26 , 27, 26, 160677, 0.150000, 1071180.000000
ida, gap, Pancake28, 4 18 23 25 20 7 24 6 16 11 27 17 19 3 13 12 2 1 0 15 22 26 8 9 21 10 14 5 , 25, 24, 36455, 0.030000, 1215166.666667
ida, gap, Pancake28, 15 0 5 23 20 4 1 10 16 7 24 26 25 27 9 14 13 8 18 11 2 22 6 12 17 3 21 19 , 28, 26, 3962971, 3.520000, 1125844.034091
ida, gap, Pancake28, 21 3 13 20 26 23 16 17 18 25 4 6 15 1 9 5 19 7 0 27 24 22 10 2 12 14 8 11 , 27, 26, 122501, 0.110000, 1113645.454545
ida, gap, Pancake28, 14 22 9 6 4 18 10 2 21 16 8 25 12 26 3 15 0 1 13 19 24 27 5 20 11 23 7 17 , 28, 27, 204365, 0.180000, 1135361.111111
ida, gap, Pancake28, 8 24 1 27 14 10 22 2 17 12 9 26 13 16 6 23 25 21 0 7 19 3 20 15 18 4 5 11 , 27, 27, 25575, 0.020000, 1278750.000000
ida, gap, Pancake28, 2 17 5 6 19 14 27 18 1 20 23 12 22 16 24 10 7 3 26 21 13 25 8 11 0 15 9 4 , 27, 27, 75555, 0.060000, 1259250.000000
ida, gap, Pancake28, 21 26 24 16 14 10 8 0 4 19 17 2 11 6 23 1 20 18 9 5 3 25 15 7 27 22 12 13 , 27, 27, 25238, 0.020000, 1261900.000000
ida, gap, Pancake28, 24 21 11 19 18 2 15 27 5 0 16 7 1 26 13 8 14 25 3 17 12 20 10 23 9 6 4 22 , 28, 27, 91740, 0.090000, 1019333.333333
ida, gap, Pancake28, 15 12 0 5 10 20 25 26 4 14 11 9 19 6 21 13 27 3 1 2 23 18 17 7 24 16 8 22 , 25, 25, 5318, 0.000000, inf
ida, gap, Pancake28, 27 19 6 5 8 10 0 4 13 22 17 14 2 11 12 20 24 21 23 15 7 9 3 18 16 25 1 26 , 27, 26, 35527, 0.030000, 1184233.333333
ida, gap, Pancake28, 17 24 15 3 16 9 10 13 11 2 6 12 1 5 18 8 19 25 0 4 7 23 27 22 20 26 14 21 , 27, 27, 4753, 0.010000, 475300.000000
ida, gap, Pancake28, 23 24 25 13 9 2 16 8 15 27 0 7 3 20 21 4 14 11 22 1 17 26 18 12 5 6 19 10 , 25, 24, 47460, 0.040000, 1186500.000000
ida, gap, Pancake28, 2 11 18 5 21 25 13 0 22 7 9 16 26 1 14 4 8 24 23 6 15 12 3 17 20 27 19 10 , 28, 27, 312721, 0.270000, 1158225.925926
ida, gap, Pancake28, 16 11 23 4 13 17 26 2 20 18 24 7 0 14 8 25 15 19 12 1 27 5 6 3 22 9 21 10 , 27, 27, 15505, 0.010000, 1550500.000000
ida, gap, Pancake28, 1 20 18 25 12 22 11 4 7 8 21 26 5 14 9 10 0 13 23 3 15 17 27 16 19 6 2 24 , 27, 26, 21152, 0.010000, 2115200.000000
ida, gap, Pancake28, 1 18 7 9 3 14 21 12 17 26 25 11 8 13 4 24 16 22 23 27 6 20 0 5 19 10 15 2 , 27, 26, 424819, 0.380000, 1117944.736842
ida, gap, Pancake28, 20 2 16 9 10 6 7 1 4 22 15 5 3 19 17 18 27 14 8 12 24 13 23 0 11 26 21 25 , 26, 25, 777930, 0.680000, 1144014.705882
ida, gap, Pancake28, 2 20 12 26 9 15 13 22 1 4 19 24 10 21 27 11 6 0 16 14 25 3 23 18 8 17 7 5 , 28, 28, 19948, 0.010000, 1994800.000000
ida, gap, Pancake28, 1 11 25 17 15 2 24 7 21 10 6 22 16 4 13 19 0 20 14 12 3 23 18 5 8 9 26 27 , 26, 25, 23649, 0.020000, 1182450.000000
ida, gap, Pancake28, 25 12 4 9 13 5 6 20 19 8 26 15 7 24 0 3 1 2 23 27 22 10 14 16 18 11 17 21 , 25, 25, 9237, 0.010000, 923700.000000
ida, gap, Pancake28, 9 8 21 27 24 1 7 3 13 14 12 17 5 22 15 18 16 20 10 0 4 26 2 25 11 19 6 23 , 26, 26, 4925, 0.010000, 492500.000000
ida, gap, Pancake28, 18 2 7 13 11 19 24 21 22 23 4 20 25 17 10 16 6 5 0 8 15 9 14 3 12 26 1 27 , 25, 24, 11500, 0.000000, inf
ida, gap, Pancake28, 26 19 21 9 1 5 22 16 0 18 23 4 27 3 6 11 25 13 8 17 24 2 15 20 12 7 10 14 , 29, 28, 108036, 0.100000, 1080360.000000
ida, gap, Pancake28, 25 8 27 15 17 18 16 20 6 5 13 19 14 24 3 7 9 10 0 23 11 2 22 26 4 12 21 1 , 26, 25, 135178, 0.110000, 1228890.909091
ida, gap, Pancake28, 1 27 15 9 6 5 19 4 3 18 21 20 26 17 22 8 23 16 0 13 25 11 2 12 14 10 7 24 , 25, 25, 5634, 0.010000, 563400.000000
ida, gap, Pancake28, 3 26 8 6 5 16 25 12 23 20 10 21 13 0 22 19 17 11 7 4 15 14 1 9 24 2 18 27 , 26, 25, 22683, 0.030000, 756100.000000
ida, gap, Pancake28, 25 3 27 14 20 0 19 17 6 21 1 15 22 4 10 5 12 24 7 8 26 11 2 9 16 13 23 18 , 28, 27, 41810, 0.020000, 2090500.000000
ida, gap, Pancake28, 15 3 22 14 24 9 10 27 19 25 17 26 23 8 11 20 7 21 1 18 0 13 16 4 2 6 12 5 , 27, 27, 12832, 0.020000, 641600.000000
ida, gap, Pancake28, 15 17 6 27 1 19 20 16 23 3 12 0 25 22 18 5 4 10 14 24 26 13 2 8 21 7 11 9 , 27, 26, 73940, 0.070000, 1056285.714286
ida, gap, Pancake28, 14 22 25 9 6 18 17 4 1 27 8 5 11 15 3 12 13 20 16 10 26 2 7 19 21 24 0 23 , 27, 26, 14540, 0.010000, 1454000.000000
ida, gap, Pancake28, 15 22 8 23 17 5 25 19 24 6 11 3 21 4 26 1 27 16 14 7 2 20 13 0 9 10 18 12 , 27, 27, 5192, 0.000000, inf
ida, gap, Pancake28, 24 15 18 2 20 17 22 8 26 12 4 7 9 16 1 5 14 27 0 19 11 3 10 6 13 25 21 23 , 29, 28, 147299, 0.120000, 1227491.666667
ida, gap, Pancake28, 16 15 19 25 23 7 17 22 5 4 0 24 9 14 11 10 1 18 13 3 6 26 2 27 8 20 12 21 , 26, 25, 39862, 0.050000, 797240.000000
ida, gap, Pancake28, 1 7 12 23 14 8 22 4 18 25 11 10 6 17 13 21 24 15 5 16 20 27 2 3 19 9 0 26 , 26, 26, 16677, 0.010000, 1667700.000000
ida, gap, Pancake28, 5 4 21 23 14 20 0 10 13 9 16 1 22 2 25 27 12 8 17 6 26 7 24 19 3 18 11 15 , 27, 27, 11489, 0.010000, 1148900.000000
ida, gap, Pancake28, 5 14 16 8 15 21 11 4 17 27 0 18 13 20 23 19 6 2 7 1 25 24 22 26 10 12 9 3 , 27, 27, 9836, 0.000000, inf
ida, gap, Pancake28, 2 22 24 16 6 10 27 14 5 20 21 13 4 25 23 0 17 11 7 12 8 3 26 1 19 9 18 15 , 27, 27, 13365, 0.010000, 1336500.000000
ida, gap, Pancake28, 20 0 21 2 3 9 1 12 24 14 27 4 17 19 15 18 22 5 7 16 10 6 13 25 23 26 8 11 , 28, 27, 73987, 0.070000, 1056957.142857
ida, gap, Pancake28, 25 15 11 14 4 12 7 8 10 21 19 3 18 2 0 6 22 24 5 1 13 16 9 27 20 17 26 23 , 28, 27, 82039, 0.070000, 1171985.714286
ida, gap, Pancake28, 6 22 12 0 26 8 27 7 20 15 16 13 1 14 17 24 21 4 9 19 5 23 11 2 3 25 18 10 , 27, 26, 13765, 0.020000, 688250.000000
ida, gap, Pancake28, 15 0 6 9 8 25 2 16 26 1 14 12 13 5 27 23 17 11 10 20 4 21 24 7 19 22 18 3 , 26, 25, 265553, 0.220000, 1207059.090909
ida, gap, Pancake28, 7 25 16 24 18 19 14 5 21 15 12 11 6 0 23 26 1 22 13 17 8 9 2 4 10 27 20 3 , 25, 25, 578, 0.000000, inf
ida, gap, Pancake28, 7 12 15 13 3 5 22 26 23 18 20 16 1 6 8 19 21 10 4 9 25 11 14 0 24 27 2 17 , 28, 28, 67118, 0.070000, 958828.571429
ida, gap, Pancake28, 18 5 4 14 24 12 17 20 22 27 2 3 26 9 16 0 10 11 6 21 8 25 15 23 1 19 7 13 , 26, 25, 14162, 0.010000, 1416200.000000
ida, gap, Pancake28, 24 1 15 12 22 27 13 2 10 19 14 3 17 23 21 9 0 6 18 7 20 11 16 26 5 25 4 8 , 28, 28, 2912, 0.000000, inf
ida, gap, Pancake28, 27 16 2 6 11 24 8 25 15 14 20 17 26 23 12 9 13 5 0 1 7 10 22 19 18 21 3 4 , 25, 24, 17990, 0.020000, 899500.000000
ida, gap, Pancake28, 16 13 7 6 12 4 10 8 0 24 2 18 17 21 25 19 11 5 14 15 26 23 9 1 27 22 3 20 , 26, 25, 79105, 0.070000, 1130071.428571
ida, gap, Pancake28, 19 17 22 25 26 10 5 13 23 0 16 21 3 24 15 7 27 1 14 20 6 4 9 12 11 2 8 18 , 27, 26, 61415, 0.050000, 1228300.000000
ida, gap, Pancake28, 27 22 24 4 1 14 17 12 21 20 23 2 8 13 25 16 7 9 3 10 26 11 6 15 0 19 18 5 , 27, 26, 264422, 0.230000, 1149660.869565
ida, gap, Pancake28, 25 3 9 0 4 21 19 15 23 17 6 18 11 24 16 7 20 8 13 14 12 1 26 2 10 27 5 22 , 27, 27, 29412, 0.030000, 980400.000000
ida, gap, Pancake28, 5 27 23 20 17 24 14 4 9 6 15 2 13 1 12 25 8 19 3 21 7 10 26 11 0 18 22 16 , 29, 28, 244291, 0.210000, 1163290.476190
ida, gap, Pancake28, 2 26 17 23 3 16 20 15 12 7 13 19 24 11 5 10 21 27 1 9 0 25 14 6 22 8 18 4 , 28, 28, 29999, 0.030000, 999966.666667
ida, gap, Pancake28, 19 10 18 21 4 8 25 7 24 16 15 14 2 11 23 1 0 12 3 26 17 22 13 6 27 9 5 20 , 26, 25, 222891, 0.190000, 1173110.526316
ida, gap, Pancake28, 27 13 21 26 14 11 16 2 7 9 4 10 8 25 6 24 17 20 15 22 23 12 5 3 19 18 1 0 , 25, 25, 1772, 0.000000, inf
ida, gap, Pancake28, 1 11 21 14 16 17 27 18 19 9 8 12 6 25 0 15 5 13 20 26 3 4 24 22 10 7 2 23 , 25, 24, 34731, 0.030000, 1157700.000000
ida, gap, Pancake28, 13 27 7 16 24 25 8 12 0 26 22 14 2 15 4 23 9 21 19 18 1 17 20 6 5 3 10 11 , 24, 24, 2175, 0.010000, 217500.000000
ida, gap, Pancake28, 16 11 8 9 12 10 18 24 5 20 22 0 15 19 1 17 3 13 21 6 7 4 26 23 2 14 25 27 , 25, 25, 9417, 0.000000, inf
ida, gap, Pancake28, 7 16 13 3 22 6 5 19 24 11 8 25 21 14 4 9 1 10 17 20 15 23 27 2 12 26 18 0 , 28, 27, 169954, 0.150000, 1133026.666667
ida, gap, Pancake28, 11 0 7 2 1 3 25 4 20 16 12 17 26 19 5 13 10 9 21 14 18 8 23 27 22 15 6 24 , 27, 26, 91326, 0.080000, 1141575.000000
ida, gap, Pancake28, 4 22 23 2 14 6 20 18 27 21 3 15 16 17 1 12 10 24 11 13 5 9 19 25 26 7 0 8 , 26, 24, 1174530, 1.020000, 1151500.000000
ida, gap, Pancake28, 7 5 27 2 22 16 25 26 13 23 3 17 15 21 12 24 10 9 14 19 1 4 8 0 18 20 6 11 , 27, 26, 79062, 0.070000, 1129457.142857
ida, gap, Pancake28, 19 27 21 25 12 11 5 20 9 14 6 2 1 26 16 8 22 7 18 15 0 24 10 13 3 4 23 17 , 26, 25, 795485, 0.690000, 1152876.811594
ida, gap, Pancake28, 4 24 26 18 23 7 2 3 6 0 12 8 15 25 21 17 5 1 13 22 16 10 20 27 11 14 9 19 , 28, 27, 55925, 0.050000, 1118500.000000
ida, gap, Pancake28, 19 5 0 15 13 18 17 27 20 4 1 21 26 11 24 23 10 3 8 16 25 22 14 12 2 7 9 6 , 27, 26, 152757, 0.130000, 1175053.846154
ida, gap, Pancake28, 24 14 2 0 18 6 25 22 7 5 10 12 16 1 11 20 19 8 4 13 21 23 27 3 15 17 26 9 , 28, 27, 1241072, 1.080000, 1149140.740741
ida, gap, Pancake28, 8 13 27 2 3 10 0 26 15 18 21 12 4 6 17 14 16 23 24 7 9 25 1 11 20 19 5 22 , 26, 25, 683091, 0.600000, 1138485.000000
ida, gap, Pancake28, 17 13 10 15 23 3 9 12 0 25 18 6 14 27 22 21 20 19 7 2 5 24 4 8 26 1 16 11 , 25, 25, 282, 0.000000, inf
ida, gap, Pancake28, 19 6 1 22 25 21 8 5 27 12 24 3 7 23 17 10 9 4 11 14 0 26 15 18 20 13 2 16 , 28, 27, 44939, 0.030000, 1497966.666667
ida, gap, Pancake28, 24 6 5 2 18 4 23 15 22 14 11 27 26 17 10 20 16 3 8 13 7 1 21 19 25 12 0 9 , 27, 26, 63876, 0.060000, 1064600.000000
ida, gap, Pancake28, 25 26 0 27 6 3 18 15 16 4 8 17 23 1 9 5 21 2 19 12 11 7 10 20 13 14 24 22 , 25, 24, 83881, 0.080000, 1048512.500000
ida, gap, Pancake28, 21 14 1 10 22 18 2 25 8 27 15 6 5 12 0 24 17 4 20 19 11 23 13 7 3 16 26 9 , 27, 26, 118759, 0.100000, 1187590.000000
ida, gap, Pancake28, 27 5 9 1 24 16 15 21 22 11 25 2 13 10 18 12 20 17 6 26 19 4 0 8 23 3 7 14 , 26, 26, 17230, 0.010000, 1723000.000000
ida, gap, Pancake28, 25 3 14 12 1 16 20 21 24 15 2 23 6 11 22 17 10 13 8 0 19 7 18 5 27 9 4 26 , 27, 27, 21510, 0.030000, 717000.000000
ida, gap, Pancake28, 24 10 11 26 8 27 0 6 15 25 5 1 14 7 17 13 21 2 23 4 3 12 9 16 22 19 20 18 , 26, 25, 84520, 0.070000, 1207428.571429
ida, gap, Pancake28, 1 12 25 22 14 4 3 24 27 11 2 5 21 6 9 26 7 19 17 18 13 8 0 15 16 20 10 23 , 26, 25, 13255, 0.020000, 662750.000000
ida, gap, Pancake28, 19 14 4 6 23 15 2 1 0 8 7 22 17 5 12 10 25 18 21 26 9 3 11 13 27 20 24 16 , 26, 25, 359675, 0.310000, 1160241.935484
ida, gap, Pancake28, 21 1 16 17 15 14 20 27 25 4 8 22 24 9 10 11 6 23 5 13 0 19 18 12 2 7 3 26 , 24, 23, 391726, 0.340000, 1152135.294118
ida, gap, Pancake28, 7 18 27 20 11 8 9 15 3 26 16 5 14 21 4 23 2 1 22 25 0 13 10 6 17 19 12 24 , 26, 26, 20277, 0.010000, 2027700.000000
ida, gap, Pancake28, 5 19 11 16 0 18 8 25 27 21 2 24 20 7 9 10 1 22 6 15 26 23 4 14 13 17 12 3 , 26, 26, 3528, 0.010000, 352800.000000
ida, gap, Pancake28, 27 0 24 8 18 4 9 2 14 21 1 11 22 20 10 19 25 7 12 23 6 5 26 16 13 15 17 3 , 28, 27, 495015, 0.440000, 1125034.090909
ida, gap, Pancake28, 26 24 17 7 21 4 20 14 13 10 3 27 9 16 18 1 23 19 2 15 8 12 0 5 22 6 25 11 , 27, 27, 4495, 0.010000, 449500.000000
ida, gap, Pancake28, 15 3 2 19 11 14 13 22 26 20 17 1 0 6 16 12 7 24 9 4 21 8 27 18 5 23 10 25 , 26, 25, 15474, 0.000000, inf
ida, gap, Pancake28, 4 18 2 24 21 14 17 13 7 15 26 22 19 6 27 1 11 25 20 0 10 8 3 12 5 9 23 16 , 29, 28, 78722, 0.080000, 984025.000000
ida, gap, Pancake28, 15 5 7 24 4 3 18 1 13 17 10 26 16 22 19 25 14 6 27 2 8 11 0 20 23 9 12 21 , 28, 27, 210741, 0.180000, 1170783.333333
ida, gap, Pancake28, 20 9 2 16 25 13 10 14 0 21 24 22 17 11 3 6 18 1 15 26 27 5 23 8 7 19 12 4 , 27, 26, 57884, 0.050000, 1157680.000000
ida, gap, Pancake28, 23 24 21 10 12 2 18 16 19 27 13 20 11 17 6 1 3 7 4 14 0 15 8 5 25 9 26 22 , 27, 27, 40956, 0.040000, 1023900.000000
ida, gap, Pancake28, 10 5 7 18 13 3 19 16 20 8 15 12 6 21 1 22 9 25 27 23 14 24 0 17 4 2 26 11 , 28, 28, 111692, 0.100000, 1116920.000000
ida, gap, Pancake28, 7 23 25 22 0 1 26 11 6 14 17 5 16 20 2 4 21 18 12 19 3 13 9 15 24 8 27 10 , 27, 27, 27307, 0.020000, 1365350.000000
ida, gap, Pancake28, 7 10 8 1 9 2 24 5 12 25 20 6 26 14 17 4 19 0 18 13 22 27 3 11 16 23 21 15 , 29, 28, 416054, 0.370000, 1124470.270270
ida, gap, Pancake28, 1 3 15 9 13 11 17 22 21 26 18 24 25 20 8 6 7 2 23 27 19 12 10 4 16 14 0 5 , 26, 25, 43248, 0.040000, 1081200.000000
ida, gap, Pancake28, 24 7 10 15 22 9 13 19 1 4 0 27 14 23 11 6 20 12 5 25 2 18 8 16 3 17 21 26 , 28, 28, 2069, 0.000000, inf
ida, gap, Pancake28, 4 13 15 11 1 8 14 19 7 2 20 17 3 18 9 6 12 22 21 10 5 25 16 0 26 27 24 23 , 26, 25, 43386, 0.040000, 1084650.000000
ida, gap, Pancake28, 2 24 20 27 22 19 7 8 0 21 6 13 4 3 15 16 5 17 25 14 23 26 12 9 11 10 18 1 , 25, 24, 330984, 0.290000, 1141324.137931
ida, gap, Pancake28, 26 1 6 21 14 3 22 8 10 5 27 7 12 18 2 19 11 13 15 20 0 23 9 17 4 16 24 25 , 28, 27, 40662, 0.040000, 1016550.000000
ida, gap, Pancake28, 20 23 7 5 6 11 12 8 1 14 16 9 18 0 3 19 22 27 25 26 24 17 21 10 15 4 13 2 , 26, 25, 179692, 0.160000, 1123075.000000
ida, gap, Pancake28, 19 3 24 10 25 13 27 5 7 22 1 6 21 4 26 2 20 0 18 15 11 9 12 23 17 16 14 8 , 28, 27, 107232, 0.080000, 1340400.000000
ida, gap, Pancake28, 23 13 24 10 11 27 22 19 20 4 8 12 5 9 18 16 7 14 17 6 2 26 3 0 25 1 21 15 , 26, 26, 30357, 0.030000, 1011900.000000
ida, gap, Pancake28, 10 13 3 7 14 5 17 18 22 21 15 12 6 20 25 2 1 16 24 8 9 19 0 23 27 26 11 4 , 25, 23, 192866, 0.180000, 1071477.777778
ida, gap, Pancake28, 26 9 2 5 27 25 23 6 11 7 17 20 13 18 8 21 12 22 1 24 14 15 3 0 4 10 16 19 , 27, 27, 934, 0.000000, inf
ida, gap, Pancake28, 16 5 17 22 10 20 6 3 15 11 1 12 18 21 7 25 13 26 27 4 8 2 9 14 23 19 24 0 , 28, 27, 54234, 0.040000, 1355850.000000
ida, gap, Pancake28, 24 25 16 5 14 3 0 23 10 2 18 20 11 17 12 1 15 19 8 4 9 26 22 21 27 13 6 7 , 26, 25, 25910, 0.020000, 1295500.000000
ida, gap, Pancake28, 7 5 9 15 0 14 21 13 3 1 17 16 23 22 8 20 27 11 24 18 6 26 4 12 19 25 10 2 , 26, 26, 5625, 0.010000, 562500.000000
ida, gap, Pancake28, 9 27 11 18 25 6 23 8 21 20 14 7 26 13 17 3 12 4 2 10 24 16 5 15 1 0 22 19 , 26, 26, 21612, 0.030000, 720400.000000
ida, gap, Pancake28, 0 6 10 22 4 2 24 8 25 23 15 17 13 1 3 5 20 19 11 9 12 14 18 26 7 16 27 21 , 28, 27, 60417, 0.040000, 1510425.000000
ida, gap, Pancake28, 5 3 23 25 22 10 6 17 20 13 7 15 19 16 0 9 11 27 4 26 2 1 14 18 24 12 8 21 , 28, 27, 43231, 0.040000, 1080775.000000
ida, gap, Pancake28, 20 23 2 15 1 25 24 9 26 22 10 18 6 16 0 5 7 14 13 4 11 27 19 21 17 8 3 12 , 27, 26, 36780, 0.030000, 1226000.000000
ida, gap, Pancake28, 16 1 21 23 18 6 13 10 26 25 0 12 22 17 20 24 27 15 5 11 4 19 3 2 14 9 8 7 , 24, 24, 5858, 0.010000, 585800.000000
ida, gap, Pancake28, 1 16 20 3 12 27 13 19 9 8 22 10 21 24 26 25 14 17 7 11 23 6 5 0 15 18 2 4 , 25, 25, 2991, 0.000000, inf
ida, gap, Pancake28, 21 14 15 19 4 18 26 20 12 11 5 25 9 23 13 22 27 0 2 17 10 6 24 8 3 7 16 1 , 27, 26, 85153, 0.080000, 1064412.500000
ida, gap, Pancake28, 10 12 4 16 5 6 7 8 3 0 26 14 9 17 15 11 21 19 2 27 13 20 23 25 24 1 22 18 , 25, 24, 9550, 0.000000, inf
ida, gap, Pancake28, 6 22 16 25 12 23 5 19 0 21 4 18 20 11 10 14 9 7 27 2 1 26 15 17 24 13 8 3 , 27, 26, 279589, 0.250000, 1118356.000000
ida, gap, Pancake28, 23 16 12 0 14 15 8 17 26 22 2 7 10 27 20 13 1 6 4 3 21 9 5 18 19 25 24 11 , 25, 24, 4098, 0.010000, 409800.000000
ida, gap, Pancake28, 21 3 6 4 19 15 14 2 7 24 8 18 16 11 25 5 12 0 17 9 27 23 10 13 26 22 1 20 , 27, 27, 44237, 0.040000, 1105925.000000
ida, gap, Pancake28, 21 24 23 20 19 25 0 16 22 6 5 14 4 13 7 1 8 17 11 15 3 18 26 27 12 9 10 2 , 25, 23, 922038, 0.800000, 1152547.500000
ida, gap, Pancake28, 14 3 6 8 16 1 7 11 13 12 19 18 20 10 21 15 5 27 24 25 23 2 26 17 22 4 0 9 , 26, 25, 401502, 0.350000, 1147148.571429
ida, gap, Pancake28, 23 7 26 22 2 6 3 21 0 27 12 16 13 17 24 5 10 9 1 14 4 15 8 11 25 19 20 18 , 27, 26, 180524, 0.160000, 1128275.000000
ida, gap, Pancake28, 23 6 22 14 16 8 25 4 2 26 19 11 1 12 15 9 24 17 27 13 3 20 0 5 21 7 18 10 , 28, 28, 40427, 0.030000, 1347566.666667
ida, gap, Pancake28, 25 16 5 15 4 2 7 27 18 10 0 21 23 14 22 17 26 13 24 19 20 3 11 12 9 6 8 1 , 27, 26, 543180, 0.470000, 1155702.127660
ida, gap, Pancake28, 22 20 9 18 10 8 4 0 21 26 15 11 23 14 27 3 6 12 17 25 5 24 16 19 2 13 7 1 , 28, 28, 32195, 0.030000, 1073166.666667
ida, gap, Pancake28, 6 23 5 27 15 14 17 24 18 4 26 21 16 7 10 8 11 25 20 12 13 3 22 1 19 0 9 2 , 27, 26, 1673310, 1.460000, 1146102.739726
ida, gap, Pancake28, 5 10 20 27 8 26 12 22 11 18 16 9 15 2 25 24 3 4 21 19 13 0 23 7 1 14 6 17 , 27, 26, 32073, 0.020000, 1603650.000000
ida, gap, Pancake28, 1 15 26 7 6 13 10 8 24 3 4 14 16 21 11 12 25 18 2 5 23 27 0 9 17 19 22 20 , 26, 25, 10960, 0.020000, 548000.000000
ida, gap, Pancake28, 13 27 23 2 14 9 0 12 4 15 22 5 1 8 6 11 21 7 20 24 3 25 16 26 17 18 19 10 , 27, 26, 65153, 0.050000, 1303060.000000
ida, gap, Pancake28, 15 6 13 12 4 22 9 5 23 2 11 20 17 7 14 19 27 0 25 1 24 21 8 3 10 26 16 18 , 28, 27, 159973, 0.140000, 1142664.285714
ida, gap, Pancake28, 3 26 16 10 5 19 14 9 15 8 6 20 24 13 7 2 0 21 25 27 22 12 18 4 17 23 11 1 , 28, 28, 32236, 0.030000, 1074533.333333
ida, gap, Pancake28, 5 14 21 26 25 24 0 16 12 17 23 20 18 10 2 27 9 13 3 11 19 7 4 15 1 6 22 8 , 26, 26, 21066, 0.020000, 1053300.000000
ida, gap, Pancake28, 15 23 16 8 5 19 20 2 13 27 18 4 11 12 26 21 1 0 9 6 25 17 3 22 10 24 7 14 , 27, 25, 3347530, 2.920000, 1146414.383562
ida, gap, Pancake28, 20 13 17 11 22 1 4 24 5 6 18 14 15 0 2 10 16 21 12 3 26 23 19 9 25 7 27 8 , 26, 26, 13125, 0.020000, 656250.000000
ida, gap, Pancake28, 11 1 19 18 10 21 17 22 4 15 26 14 7 3 25 20 24 0 5 12 2 27 13 6 23 16 9 8 , 27, 26, 419301, 0.360000, 1164725.000000
ida, gap, Pancake28, 11 1 12 20 22 21 18 6 7 26 24 2 23 9 17 8 16 5 10 19 25 0 3 27 15 4 13 14 , 26, 25, 164635, 0.150000, 1097566.666667
ida, gap, Pancake28, 12 4 2 17 6 27 0 18 19 10 23 24 21 8 3 5 14 26 22 25 9 1 7 11 15 13 16 20 , 27, 26, 53128, 0.050000, 1062560.000000
ida, gap, Pancake28, 20 9 21 6 25 12 27 11 13 1 18 15 24 3 19 22 26 16 2 4 8 5 10 7 17 14 0 23 , 29, 28, 93609, 0.080000, 1170112.500000
ida, gap, Pancake28, 3 1 13 26 9 18 5 27 7 14 15 6 23 12 17 2 8 4 24 11 0 25 10 22 19 20 16 21 , 27, 26, 48083, 0.040000, 1202075.000000
ida, gap, Pancake28, 21 13 11 0 18 10 6 4 27 3 25 2 15 1 20 7 5 8 19 12 22 9 23 26 17 24 16 14 , 28, 28, 8099, 0.010000, 809900.000000
ida, gap, Pancake28, 9 10 0 2 6 15 18 4 12 24 20 19 27 14 11 5 8 3 7 25 17 21 26 1 23 13 22 16 , 27, 26, 230086, 0.210000, 1095647.619048
ida, gap, Pancake28, 2 3 1 9 26 18 7 25 8 13 19 11 23 6 10 14 22 5 27 24 16 4 15 12 20 17 0 21 , 28, 27, 82877, 0.070000, 1183957.142857
ida, gap, Pancake28, 3 17 13 26 10 24 1 9 5 12 15 22 19 27 18 8 4 6 7 16 11 25 14 21 23 0 20 2 , 28, 27, 139500, 0.120000, 1162500.000000
ida, gap, Pancake28, 7 6 10 12 8 18 20 13 14 23 24 19 0 22 17 16 3 27 4 1 25 15 21 11 26 9 5 2 , 25, 24, 186566, 0.160000, 1166037.500000
ida, gap, Pancake28, 18 21 16 24 4 6 7 11 9 0 26 10 25 1 15 17 3 14 20 19 27 22 2 12 13 23 5 8 , 25, 25, 2502, 0.010000, 250200.000000
ida, gap, Pancake28, 1 15 13 14 26 22 17 8 5 24 6 10 4 19 0 11 25 7 3 2 23 20 18 9 21 12 27 16 , 27, 26, 19671, 0.010000, 1967100.000000
ida, gap, Pancake28, 16 14 13 27 1 26 23 12 4 6 18 22 17 15 25 3 5 9 2 8 20 24 7 19 0 10 21 11 , 28, 27, 51356, 0.050000, 1027120.000000
ida, gap, Pancake28, 15 18 23 27 10 25 21 12 5 26 24 9 19 20 11 17 8 4 6 0 1 7 22 2 13 3 16 14 , 27, 26, 88101, 0.080000, 1101262.500000
ida, gap, Pancake28, 11 17 25 2 27 12 19 21 1 5 8 16 3 14 23 0 4 24 9 22 10 18 6 13 26 15 20 7 , 29, 28, 83526, 0.070000, 1193228.571429
ida, gap, Pancake28, 18 5 9 7 10 4 26 2 11 3 1 0 8 14 13 27 20 6 24 21 19 16 17 22 23 15 12 25 , 26, 24, 484123, 0.430000, 1125867.441860
ida, gap, Pancake28, 5 12 10 11 27 18 20 22 14 2 9 23 4 24 17 1 8 25 19 21 7 0 15 26 16 3 13 6 , 27, 27, 27186, 0.030000, 906200.000000
ida, gap, Pancake28, 22 17 13 6 24 11 25 18 14 5 3 8 26 10 7 16 2 19 12 23 0 21 15 9 1 20 27 4 , 29, 28, 84544, 0.070000, 1207771.428571
ida, gap, Pancake28, 1 0 14 4 25 19 16 9 13 21 5 6 18 15 17 11 8 27 23 24 20 10 2 3 22 7 12 26 , 25, 24, 135655, 0.120000, 1130458.333333
ida, gap, Pancake28, 0 6 1 10 5 13 11 14 19 16 27 2 21 22 24 8 12 23 7 3 20 4 26 9 17 18 25 15 , 27, 26, 85823, 0.080000, 1072787.500000
ida, gap, Pancake28, 10 7 8 21 14 17 27 26 18 20 9 4 5 1 6 13 11 24 23 2 12 15 16 0 22 3 25 19 , 25, 23, 1044165, 0.920000, 1134961.956522
ida, gap, Pancake28, 26 18 7 25 13 10 1 20 16 19 3 15 14 9 11 2 5 17 23 8 22 6 0 4 24 21 12 27 , 26, 26, 6317, 0.000000, inf
ida, gap, Pancake28, 22 20 26 7 21 0 10 3 27 15 13 17 2 16 14 25 9 4 19 5 24 11 18 23 1 12 6 8 , 28, 28, 13705, 0.010000, 1370500.000000
ida, gap, Pancake28, 19 20 8 23 21 27 6 2 11 9 1 22 24 26 7 10 5 17 14 0 16 13 4 3 25 12 15 18 , 27, 26, 523326, 0.470000, 1113459.574468
ida, gap, Pancake28, 10 5 25 9 6 21 4 24 27 19 11 1 22 2 0 23 18 12 3 14 8 13 15 20 26 7 16 17 , 27, 27, 12161, 0.010000, 1216100.000000
ida, gap, Pancake28, 19 23 18 1 13 26 24 0 12 25 8 7 3 11 5 27 14 15 2 4 21 10 6 17 16 20 9 22 , 25, 25, 10227, 0.010000, 1022700.000000
ida, gap, Pancake28, 2 1 26 27 3 5 11 12 21 24 16 22 7 13 9 15 18 19 6 25 4 8 14 10 20 0 17 23 , 25, 24, 9608, 0.000000, inf
ida, gap, Pancake28, 7 12 16 3 21 6 10 15 8 24 5 20 22 25 4 23 26 1 13 11 0 27 17 14 2 19 18 9 , 27, 27, 24788, 0.030000, 826266.666667
ida, gap, Pancake28, 5 19 12 10 1 18 20 27 16 22 2 25 0 6 7 13 24 8 21 11 9 23 3 4 26 17 15 14 , 26, 25, 17033, 0.010000, 1703300.000000
ida, gap, Pancake28, 11 24 12 27 6 25 26 2 4 10 20 21 7 17 13 16 19 1 5 9 22 0 8 18 3 14 23 15 , 27, 26, 209538, 0.180000, 1164100.000000
ida, gap, Pancake28, 16 13 11 7 4 8 12 1 26 3 6 25 27 22 5 9 20 2 24 23 10 14 15 19 17 21 0 18 , 27, 26, 35163, 0.040000, 879075.000000
ida, gap, Pancake28, 27 18 2 1 17 15 7 24 16 8 11 26 10 3 12 25 4 22 21 14 5 0 13 6 19 23 20 9 , 27, 26, 678672, 0.600000, 1131120.000000
ida, gap, Pancake28, 19 23 6 27 3 9 26 10 25 13 15 2 14 24 21 0 17 4 5 22 1 7 12 20 16 18 8 11 , 28, 27, 79021, 0.070000, 1128871.428571
ida, gap, Pancake28, 27 1 26 7 19 15 9 21 11 13 20 5 23 3 4 14 6 16 8 24 12 18 25 0 10 17 22 2 , 27, 27, 20918, 0.010000, 2091800.000000
ida, gap, Pancake28, 27 9 20 2 5 0 21 1 6 25 24 12 18 3 8 7 10 26 13 16 4 11 23 14 22 19 17 15 , 27, 26, 63853, 0.060000, 1064216.666667
ida, gap, Pancake28, 10 2 24 21 20 23 1 19 12 22 9 6 13 25 17 0 4 27 7 5 15 8 14 26 16 11 18 3 , 28, 27, 48591, 0.050000, 971820.000000
ida, gap, Pancake28, 6 8 15 2 13 1 27 4 18 21 14 25 16 24 12 23 10 22 26 11 7 19 17 0 9 20 3 5 , 28, 28, 7025, 0.000000, inf
ida, gap, Pancake28, 5 1 8 10 17 15 27 23 13 18 9 3 21 6 19 25 16 20 24 4 0 12 11 7 26 2 14 22 , 28, 27, 245954, 0.220000, 1117972.727273
ida, gap, Pancake28, 18 0 6 12 20 3 27 26 8 10 15 11 14 21 25 1 5 17 9 4 16 7 24 23 19 22 2 13 , 27, 26, 54961, 0.050000, 1099220.000000
ida, gap, Pancake28, 2 6 4 0 17 1 13 26 7 24 8 10 16 23 19 20 27 9 22 3 14 12 5 21 15 25 11 18 , 27, 27, 17805, 0.020000, 890250.000000
